State,Circle,Name of the Monument,Airport,Railway,Domestic - 2016-17,Foreign - 2016-17,Domestic - 2017-18,Foreign - 2017-18,Domestic Percentage growth - 2017-18/2016-17,Foreign Percentage growth - 2017-18/2016-17
Uttar Pradesh,Agra Circle,Taj Mahal,12,7,5419608,668403,5663136,794556,4.5,18.9
Uttar Pradesh,Agra Circle,Agra Fort,11,5,1799953,441326,2008208,489822,11.6,11
Uttar Pradesh,Agra Circle,Akbar's Tomb Sikandara,13,12,418502,22389,362070,23638,-13.5,5.6
Uttar Pradesh,Agra Circle,Fatehpur Sikri,35,37,427854,126114,962069,301181,124.9,138.8
Uttar Pradesh,Agra Circle,Itimad-ud-Daulah,15,9,108392,129177,138524,76572,27.8,-40.7
Uttar Pradesh,Agra Circle,Mehtab Bagh,16,10,215845,39969,172790,68897,-19.9,72.4
Uttar Pradesh,Agra Circle,RamBagh,12,11,56238,1911,67541,13493,20.1,606.1
Uttar Pradesh,Agra Circle,Mariam's Tomb Sikandara,14,12,28026,201,29880,12776,6.6,6256.2
Maharashtra,Aurangabad Circle,Ellora Caves,36,28,1255537,24866,1645484,40405,31.1,62.5
Maharashtra,Aurangabad Circle,Bibi-Ka-Maqbara,13,6,1291040,18756,1773100,20290,37.3,8.2
Maharashtra,Aurangabad Circle,Daulatabad Fort,23,15,518376,5791,700989,8583,35.2,48.2
Maharashtra,Aurangabad Circle,Ajanta Caves,104,122,393985,21062,496659,33992,26.1,61.4
Maharashtra,Aurangabad Circle,Pandaulena Caves,3,13,224283,1042,277720,1734,23.8,66.4
Maharashtra,Aurangabad Circle,Aurangabad Caves,15,9,101140,1428,99848,1982,-1.3,38.8
Karnataka,Bengaluru Circle,Daria Daulat Bagh Srirangapatnam,0.5,3,871498,19933,1078120,28045,23.7,40.7
Karnataka,Bengaluru Circle,Chitradurga Fort Chitradurga,3,3,433950,1383,455976,1901,5.1,37.5
Karnataka,Bengaluru Circle,Keshava Temple Somnathpur,168,180,243990,10860,330335,17030,35.4,56.8
Karnataka,Bengaluru Circle,Tippu palace Bangalore,37,3,161804,10680,247451,15359,52.9,43.8
Madhya Pradesh,Bhopal Circle,Roopmati Pavilion,88,59,344142,2012,428933,2436,24.6,21.1
Madhya Pradesh,Bhopal Circle,Royal Palaces Mandu,282,286,329658,2563,450254,3352,36.6,30.8
Madhya Pradesh,Bhopal Circle,Gwalior Fort,10,3,253242,9097,347838,14554,37.4,60
Madhya Pradesh,Bhopal Circle,Western Group of Temple Khajuraho,3,8,262736,59439,373835,84647,42.3,42.4
Madhya Pradesh,Bhopal Circle,Buddhist Monuments Sanchi,55,47,284928,4956,391887,6858,37.5,38.4
Madhya Pradesh,Bhopal Circle,"Hoshang Shah's Tomb, Mandu",269,288,160250,2131,193543,2771,20.8,30
Madhya Pradesh,Bhopal Circle,The Palace Situated Burhapur,162,52,48834,397,88133,544,80.5,37
Madhya Pradesh,Bhopal Circle,Buddhist Caves,231,1,29669,31,49572,46,67.1,48.4
Odisha,Bhubaneswar Circle,Sun Temple Konark,63,37,2300665,5791,3221190,8091,40,39.7
Odisha,Bhubaneswar Circle,Udayagiri and Khandagiri Sites,8,9,520894,2262,693327,3854,33.1,70.4
Odisha,Bhubaneswar Circle,Ratnagiri Monument,91,84,74844,395,56452,711,-24.6,80
Odisha,Bhubaneswar Circle,Raja Rani Temple,4,5,26865,1006,36063,1434,34.2,42.5
Odisha,Bhubaneswar Circle,Lalitagiri Monument,87,58,27378,225,46798,562,70.9,149.8
Odisha,Bhubaneswar Circle,Ashokan Rock Edicts,10,11,0,0,0,0,NA,NA
Punjab,Chandigarh Circle,Sheikh Chilli's Tomb Thanesar,97,2,130193,69,168622,143,29.5,107.2
Punjab,Chandigarh Circle,Surajkund Faridabad,24,3,45236,59,61270,129,35.4,118.6
Tamilnadu,Chennai Circle,"Group of Monuments, Mamallapuram",54,29,960963,62110,1334624,96279,38.9,55
Tamilnadu,Chennai Circle,"Gingee Fort, Gingee",150,27,105997,2607,207556,4709,95.8,80.6
Tamilnadu,Chennai Circle,Fort Museum Thirumayam,61,2,48280,649,72581,4287,50.3,560.6
Tamilnadu,Chennai Circle,"Rock cut-Jain Temple, Sittanasal",45,9,24976,150,57857,341,131.7,127.3
Tamilnadu,Chennai Circle,Fort on Rock Dindigul,82,1,24298,232,47001,241,93.4,3.9
Tamilnadu,Chennai Circle,Natural Caves with inscription Eladipattam Sittannavasal,45,9,23999,40,29513,78,23,95
Tamilnadu,Chennai Circle,Moovarkoil Kodambalur,41,14,840,17,2508,24,198.6,41.2
Uttar Pradesh,Delhi Circle,QutabMinar,10,18,2943552,421084,2618532,304833,-11,-27.6
Uttar Pradesh,Delhi Circle,Red Fort,11,1,2896754,114181,3039612,140200,4.9,22.8
Uttar Pradesh,Delhi Circle,Humayun's Tomb,17,2,856409,224234,927681,233385,8.3,4.1
Uttar Pradesh,Delhi Circle,PuranaQuila,26,5,1293301,7328,963121,7100,-25.5,-3.1
Uttar Pradesh,Delhi Circle,JantarMantar,15,5,299368,6473,350758,7775,17.2,20.1
Uttar Pradesh,Delhi Circle,Safdarjung Tomb,15,2,150724,2932,113881,5503,-24.4,87.7
Uttar Pradesh,Delhi Circle,KotlaFeroz Shah,21,3,82419,838,97814,925,18.7,10.4
Uttar Pradesh,Delhi Circle,Tughluqabad,14,9,99761,1001,130883,1053,31.2,5.2
Uttar Pradesh,Delhi Circle,Khan-1-Khana,16,1,2948,65,2246,56,-23.8,-13.8
Uttar Pradesh,Delhi Circle,Sultanghari 's Tomb,5,22,1408,15,1797,30,27.6,100
Karnataka,Dharwad Circle,Gol- Gumbaz Bijapur,202,1,975555,2782,1161880,3575,19.1,28.5
Karnataka,Dharwad Circle,"Caves, Badami",190,5,431521,8873,559753,1208,29.7,-86.4
Karnataka,Dharwad Circle,"Group of Monuments (WH), Pattadakal",221,20,296066,6041,403170,8743,36.2,44.7
Karnataka,Dharwad Circle,"Durga Temple Complex, Aihole",106,30,218231,5338,294506,7613,35,42.6
Karnataka,Dharwad Circle,Ibrahim Rouza Bijapur,205,2,190996,2137,271663,3313,42.2,55
Karnataka,Dharwad Circle,Temple & Sculpture Shed Lakkundi,73,11,13718,231,28502,762,107.8,229.9
Assam,Guwahati Circle,Karenghar of Ahoms Kings Sibsagar,60,3,171514,806,234751,1172,36.9,45.4
Assam,Guwahati Circle,Ranghar Pavillion Jaisagar,59,19,106925,683,177286,1163,65.8,70.3
Assam,Guwahati Circle,"AhomRaja's Palace, Garhgaon Distt.Sibsagar",67,3,65830,164,127247,268,93.3,63.4
Assam,Guwahati Circle,Group of four Maidams Cheraideo Distt. Sibsagar,80,14,36819,47,73726,75,100.2,59.6
Assam,Guwahati Circle,Bishnudol Joysagar,59,17,11879,39,18129,56,52.6,43.6
Karnataka,Hampi Mini Circle,Zananna Enclosure & Vittala Temple,35,11,494105,37934,729868,54384,47.7,43.4
Karnataka,Hampi Mini Circle,Bellary,5,13,6979,62,21523,62,208.4,0
Telangana,Hyderabad Circle,Golconda,16,7,1297084,10937,1718747,19661,32.5,79.8
Telangana,Hyderabad Circle,Charminar,14,2,1551835,21004,1760180,25387,13.4,20.9
Telangana,Hyderabad Circle,Warangal,8,3,25026,58,194732,522,678.1,800
Telangana,Hyderabad Circle,Chandragiri,32,4,122393,538,121845,128,-0.4,-76.2
Telangana,Hyderabad Circle,Nagarjunakonda,12,30,124814,63,96566,482,-22.6,665.1
Telangana,Hyderabad Circle,Undavalli,26,5,16725,183,128802,655,670.1,257.9
Telangana,Hyderabad Circle,Guntupalli,22,3,68877,362,25919,178,-62.4,-50.8
Telangana,Hyderabad Circle,Mahastupa Amaravathi,56,42,127503,387,13434,391,-89.5,1
Rajasthan,Jaipur Circle,Deeg Palaces Deeg Distt. Bharatpur,92,1,34699,1068,46333,7779,33.5,628.4
Rajasthan,Jodhpur Circle,Chittaurgarh,38,1,368142,16664,555949,22331,51,34
Rajasthan,Jodhpur Circle,Kumbhalgarh,53,52,408317,14238,593928,20472,45.5,43.8
West Bengal,Kolkata Circle,Hazardwari Palace,88,2,826407,1987,1161843,2701,40.6,35.9
West Bengal,Kolkata Circle,Koch Bihar Palace,5,3,430416,84,640832,126,48.9,50
West Bengal,Kolkata Circle,"Bishnupur Group of Temples
",103,3,124347,451,190470,696,53.2,54.3
Jammu & Kashmir,Leh Mini Circle,Leh Palace,5,616,37079,7298,43434,7549,17.1,3.4
Uttar Pradesh,Lucknow Circle,Residency Lucknow,16,2,280809,3543,204122,6142,-27.3,73.4
Uttar Pradesh,Lucknow Circle,Jhansi Fort,6,3,227668,748,307315,994,35,32.9
Uttar Pradesh,Lucknow Circle,SahetSravasti,16,1,213295,20866,235998,25461,10.6,22
Uttar Pradesh,Lucknow Circle,Rani Mahal,4,4,11660,48,16396,69,40.6,43.8
Uttar Pradesh,Lucknow Circle,Kalinjar Fort,93,41,75901,463,90627,151,19.4,-67.4
Maharashtra,Mumbai Circle,Shaniwarwada Pune,11,2,1189800,9006,1413266,11195,18.8,24.3
Maharashtra,Mumbai Circle,Elephanta caves Gharapuri Mumbai,38,17,365347,40225,539103,54386,47.6,35.2
Maharashtra,Mumbai Circle,Lenyadri Caves,94,87,365347,159,492683,124,34.9,-22
Maharashtra,Mumbai Circle,Kanheri Caves Mumbai (Suburban),22,7,402225,10651,402860,11859,0.2,11.3
Maharashtra,Mumbai Circle,Karla Caves Karla,34,5,174673,2032,255676,2896,46.4,42.5
Maharashtra,Mumbai Circle,Raigad Fort,142,28,190544,186,296323,195,55.5,4.8
Maharashtra,Mumbai Circle,Aga Khan Palace Pune,4,6,238581,8507,323603,11742,35.6,38
Maharashtra,Mumbai Circle,"Caves, Temples & Inscription Bhaja",64,13,48168,1171,89708,2092,86.2,78.7
Maharashtra,Mumbai Circle,Kolaba Fort,105,34,75878,62,150641,169,98.5,172.6
Maharashtra,Mumbai Circle,Old Fort Sholapur,254,2,27146,27,40529,43,49.3,59.3
Bihar,Patna Circle,Excavated Remains atNalanda,93,3,640003,30316,757341,40887,18.3,34.9
Bihar,Patna Circle,ShershahSuri 's Tomb,147,2,201639,275,166859,304,-17.2,10.5
Bihar,Patna Circle,Ancient site of Vaishali Kolhua,65,11,163707,11349,207409,15737,26.7,38.7
Bihar,Patna Circle,"Remains of Patliputra Kumrahar, Patna",14,6,185316,850,179561,888,-3.1,4.5
Bihar,Patna Circle,Excavated Site Vikramshila Antichak,294,5,56333,492,88549,600,57.2,22
Chattisgadh,Raipur Circle,Laxman Temple Sirpur,80,84,52559,54,91602,72,74.3,33.3
Uttar Pradesh,Sarnath Circle,Excavated remains at Sarnath,25,8,218948,203,557041,206218,154.4,101485.2
Uttar Pradesh,Sarnath Circle,Old Fort (Shahi fort) Jaunpur,45,2,63206,534,223056,211,252.9,-60.5
Uttar Pradesh,Sarnath Circle,"Lord Cornwallis Tomb, Ghazipur",92,5,631115,86657,18950,54,-97,-99.9
Uttar Pradesh,Sarnath Circle,Observatory Man Singh (Man Mahal) Varanasi,25,4,22309,89,36905,299,65.4,236
Himachal Pradesh,Shimla Mini Circle,Kangra Fort,12,20,152747,3742,196937,4402,28.9,17.6
Himachal Pradesh,Shimla Mini Circle,Masrur,35,45,34614,1306,55082,1701,59.1,30.2
Jammu & Kashmir,Srinagar Circle,Avantiswamin Temple Avantipur Distt. Pulwama,238,7,24035,50,18650,15049,-22.4,29998
Jammu & Kashmir,Srinagar Circle,"Palace complex at Ram Nagar, Distt. Udhampur",99,38,5732,0,8482,2,48,NA
Jammu & Kashmir,Srinagar Circle,Group of Temples atKiramchi Distt. Udhampur,70,15,5266,2,19165,3,263.9,50
Kerala,Thrissur Circle,"Bekal Fort Pallikkare, Distt. Kasargode",73,2,357758,773,460278,1201,28.7,55.4
Kerala,Thrissur Circle,Mattancherry Palace Museum Kochi,41,6,358540,117745,474675,121341,32.4,3.1
Gujarat,Vadodara Circle,Sun Temple Modhera,94,29,332237,3339,293019,5062,-11.8,51.6
Gujarat,Vadodara Circle,Rani-ki-Vav Patan,123,4,299893,3586,427305,5836,42.5,62.7
Gujarat,Vadodara Circle,Jama Masjid Saherki Masjid Champaner- Pavagadh,43,7,143888,1981,112384,3333,-21.9,68.2
Gujarat,Vadodara Circle,Buddhist Caves Junagadh,104,1,30122,795,40918,1241,35.8,56.1
Gujarat,Vadodara Circle,"BabaPyara & Khapra Kodiya Caves, Junagarh",104,2,343,630,64,0,-81.3,-100